location,iso_code,date,total_vaccinations,people_vaccinated,people_fully_vaccinated,total_boosters,month,year
Albania,ALB,11/25/21,2081782,1067769,953489,60524,11,2021
Albania,ALB,12/15/21,2226267,1111494,1001189,113584,12,2021
Albania,ALB,1/11/22,2419734,1183130,1067328,169276,1,2022
Albania,ALB,2/16/22,2673183,1263745,1184292,225146,2,2022
Albania,ALB,3/15/22,2737859,1275907,1209791,252161,3,2022
Argentina,ARG,12/31/20,43403,43395,7,1,12,2020
Argentina,ARG,1/31/21,389946,287307,102576,63,1,2021
Argentina,ARG,2/28/21,1274999,966869,308057,75,2,2021
Argentina,ARG,3/31/21,4278854,3569267,709482,104,3,2021
Argentina,ARG,4/30/21,8341756,7323138,1018475,143,4,2021
Argentina,ARG,5/31/21,13022025,10023476,2998325,224,5,2021
Argentina,ARG,6/30/21,21862344,17544891,4317023,431,6,2021
Argentina,ARG,7/31/21,33149440,25775863,7372712,661,7,2021
Argentina,ARG,8/31/21,44095558,28611692,13804175,1341,8,2021
Argentina,ARG,9/30/21,53109833,30139451,20653263,2531,9,2021
Argentina,ARG,10/31/21,61616736,35090091,23979858,63411,10,2021
Argentina,ARG,11/30/21,70040309,37393703,27857366,2228831,11,2021
Argentina,ARG,12/31/21,78305677,38825075,30780137,6183044,12,2021
Argentina,ARG,1/31/22,88946988,40247794,32696140,13495067,1,2022
Argentina,ARG,2/28/22,94426676,40843784,33764979,17225985,2,2022
Argentina,ARG,3/31/22,97346145,41037802,34209888,19460472,3,2022
Argentina,ARG,4/30/22,99416360,41116038,34419650,21229403,4,2022
Argentina,ARG,5/31/22,103620702,41181884,34581576,25179900,5,2022
Argentina,ARG,6/30/22,106484802,41222217,34644047,27907565,6,2022
Argentina,ARG,7/31/22,108247335,41253250,34683114,29568714,7,2022
Argentina,ARG,8/31/22,109297605,41314378,34714108,30502814,8,2022
Argentina,ARG,9/30/22,109845272,41352310,34743724,30967326,9,2022
Argentina,ARG,10/31/22,110134806,41379225,34767630,31195448,10,2022
Argentina,ARG,11/30/22,110768199,41401568,34787181,31777510,11,2022
Argentina,ARG,12/31/22,112937078,41429680,34804669,33885003,12,2022
Argentina,ARG,1/31/23,114506394,41465689,34835737,35374706,1,2023
Argentina,ARG,2/28/23,115041434,41484495,34861799,35864803,2,2023
Argentina,ARG,3/31/23,115331430,41492292,34874236,36134792,3,2023
Argentina,ARG,4/30/23,115582284,41496482,34881136,36374832,4,2023
Argentina,ARG,5/31/23,115780399,41500301,34886987,36563497,5,2023
Argentina,ARG,6/30/23,115912836,41503493,34891565,36688372,6,2023
Argentina,ARG,7/31/23,116023946,41506053,34895265,36793291,7,2023
Argentina,ARG,8/31/23,116140459,41508379,34898261,36904334,8,2023
Argentina,ARG,9/30/23,116366018,41512976,34899666,37122830,9,2023
Argentina,ARG,10/31/23,116560904,41517285,34900331,37311391,10,2023
Argentina,ARG,11/30/23,116655956,41521146,34900613,37400929,11,2023
Argentina,ARG,12/31/23,116717853,41523450,34900613,37459362,12,2023
Argentina,ARG,1/27/24,116978521,41529058,34900613,37713094,1,2024
Australia,AUS,10/31/21,35603091,19052562,16529442,21087,10,2021
Australia,AUS,11/30/21,39282954,20025197,18808812,448945,11,2021
Australia,AUS,12/30/21,42580539,20444346,19755837,2380356,12,2021
Australia,AUS,1/31/22,49866290,21683520,20211402,7971368,1,2022
Australia,AUS,2/28/22,54065507,22055898,20483240,11526369,2,2022
Australia,AUS,3/31/22,56362692,22210293,21240452,12911947,3,2022
Australia,AUS,4/7/22,56668400,22231734,21348489,13088177,4,2022
Azerbaijan,AZE,11/30/21,10527605,5079349,4566911,881345,11,2021
Azerbaijan,AZE,12/31/21,11346166,5169382,4676520,1500264,12,2021
Azerbaijan,AZE,1/31/22,12000767,5230388,4742174,2028205,1,2022
Azerbaijan,AZE,2/16/22,12627370,5273971,4768299,2585100,2,2022
Azerbaijan,AZE,3/31/22,13456322,5324386,4824633,3078608,3,2022
Azerbaijan,AZE,4/30/22,13649741,5340053,4840220,3229389,4,2022
Azerbaijan,AZE,5/29/22,13721284,5347501,4848699,3279440,5,2022
Azerbaijan,AZE,6/26/22,13762091,5353536,4853215,3306428,6,2022
Azerbaijan,AZE,7/31/22,13818005,5366776,4857889,3338784,7,2022
Azerbaijan,AZE,8/13/22,13837697,5369929,4859547,3351247,8,2022
Bahamas,BHS,12/23/21,300214,157041,147365,6954,12,2021
Bahrain,BHR,12/31/21,3226201,1203146,1177993,845062,12,2021
Bahrain,BHR,1/31/22,3357017,1223859,1193959,939199,1,2022
Bahrain,BHR,2/9/22,3375361,1227305,1197343,950713,2,2022
Bahrain,BHR,4/27/22,3433683,1234388,1218620,980675,4,2022
Bahrain,BHR,5/31/22,3444799,1236895,1220655,987249,5,2022
Bahrain,BHR,6/29/22,3453636,1238324,1222999,992313,6,2022
Bahrain,BHR,7/29/22,3460784,1239303,1224278,997203,7,2022
Bahrain,BHR,8/31/22,3467355,1240204,1225349,1001802,8,2022
Bahrain,BHR,9/30/22,3471077,1240612,1226049,1004416,9,2022
Bahrain,BHR,10/29/22,3473606,1240870,1226389,1006347,10,2022
Bahrain,BHR,11/29/22,3475851,1241093,1226701,1008057,11,2022
Bangladesh,BGD,1/26/22,156416604,95440321,59711538,1264745,1,2022
Bangladesh,BGD,2/19/22,182357027,102503628,76750335,3103064,2,2022
Bangladesh,BGD,3/31/22,248319472,127880118,111178498,9466421,3,2022
Bangladesh,BGD,4/20/22,256016234,128660443,115817367,11751820,4,2022
Bangladesh,BGD,5/29/22,261364230,129000128,117565106,15039802,5,2022
Bangladesh,BGD,6/28/22,277499188,129343045,119422697,29061179,6,2022
Bangladesh,BGD,7/26/22,289084557,130017083,120368605,39049744,7,2022
Bangladesh,BGD,9/25/22,298387725,131668681,121715545,45433646,9,2022
Bangladesh,BGD,11/20/22,329704425,146831906,124751844,58669048,11,2022
Bangladesh,BGD,12/4/22,334842984,149128228,125670627,60611619,12,2022
Bangladesh,BGD,1/16/23,346044434,150584398,130405812,65634610,1,2023
Bangladesh,BGD,2/23/23,354734905,151164422,136885430,67266595,2,2023
Bangladesh,BGD,3/11/23,355356297,151206039,137317803,67413997,3,2023
Bangladesh,BGD,4/26/23,357986643,151319913,139780199,67468073,4,2023
Bangladesh,BGD,5/31/23,358475527,151338645,140230459,67487965,5,2023
Bangladesh,BGD,6/26/23,359638998,151381242,141215775,67623523,6,2023
Bangladesh,BGD,7/31/23,361483549,151479767,142063763,68521561,7,2023
Bangladesh,BGD,8/30/23,361646020,151501985,142174508,68551069,8,2023
Bangladesh,BGD,9/27/23,361673702,151504247,142192836,68558161,9,2023
Bangladesh,BGD,10/12/23,361674604,151504378,142193267,68558501,10,2023
Bangladesh,BGD,1/31/24,361674907,151504434,142193320,68558695,1,2024
Bangladesh,BGD,2/28/24,361675267,151504474,142193362,68558973,2,2024
Bangladesh,BGD,3/31/24,361696711,151505450,142196836,68575967,3,2024
Bangladesh,BGD,4/24/24,361730956,151507132,142200832,68604534,4,2024
Bangladesh,BGD,5/14/24,361740964,151507151,142201623,68613732,5,2024
Belgium,BEL,4/30/21,3983573,3110959,875159,1,4,2021
Belgium,BEL,5/31/21,6911556,4755728,2234615,199,5,2021
Belgium,BEL,6/30/21,11095203,7265712,4095345,500,6,2021
Belgium,BEL,7/31/21,14718176,8114126,6935763,658,7,2021
Belgium,BEL,8/31/21,16325059,8487539,8201704,723,8,2021
Belgium,BEL,9/30/21,16872836,8648873,8475521,140222,9,2021
Belgium,BEL,10/31/21,17646691,8767181,8625302,664397,10,2021
Belgium,BEL,11/30/21,18960294,8879161,8737456,1766952,11,2021
Belgium,BEL,12/31/21,21730351,8939770,8828993,4388262,12,2021
Belgium,BEL,1/31/22,23942665,9164341,8889635,6591395,1,2022
Belgium,BEL,2/28/22,24929938,9226356,9090498,7177320,2,2022
Belgium,BEL,3/31/22,25189209,9237368,9137784,7342232,3,2022
Belgium,BEL,4/30/22,25239609,9241114,9143818,7380670,4,2022
Belgium,BEL,5/31/22,25320823,9244779,9147732,7454133,5,2022
Belgium,BEL,6/30/22,25593893,9247538,9151962,7718781,6,2022
Belgium,BEL,7/31/22,25648871,9249515,9154073,7769582,7,2022
Belgium,BEL,8/31/22,25708359,9250989,9155833,7825592,8,2022
Belgium,BEL,9/30/22,27544702,9252981,9157730,9658180,9,2022
Belgium,BEL,10/31/22,29230698,9256527,9160108,11339447,10,2022
Belgium,BEL,11/30/22,29433275,9258367,9161567,11539126,11,2022
Belgium,BEL,12/31/22,29498086,9259554,9162420,11602245,12,2022
Belgium,BEL,1/31/23,29526665,9260271,9162858,11629960,1,2023
Belgium,BEL,2/28/23,29535529,9260653,9163262,11638021,2,2023
Belgium,BEL,3/31/23,29540885,9260984,9163578,11642750,3,2023
Belgium,BEL,4/29/23,29543093,9261178,9163769,11644578,4,2023
Belgium,BEL,5/31/23,29544673,9261325,9163918,11645860,5,2023
Belgium,BEL,6/30/23,29545689,9261398,9164012,11646689,6,2023
Belgium,BEL,7/29/23,29546092,9261435,9164063,11646990,7,2023
Belgium,BEL,8/31/23,29546509,9261457,9164087,11647359,8,2023
Belgium,BEL,9/30/23,29980489,9261562,9165056,12079401,9,2023
Belgium,BEL,10/8/23,30372317,9261641,9166028,12469285,10,2023
Bolivia,BOL,10/31/21,7818347,4562128,3861325,329432,10,2021
Bolivia,BOL,11/30/21,8609838,5074083,4152712,366304,11,2021
Bolivia,BOL,12/31/21,9792844,5635100,4593214,548041,12,2021
Bolivia,BOL,1/31/22,11860582,6726744,5249625,879174,1,2022
Bolivia,BOL,2/28/22,12589125,6930367,5605224,1048495,2,2022
Bolivia,BOL,3/31/22,13125458,7084602,5801455,1234362,3,2022
Bolivia,BOL,4/30/22,13452338,7166899,5917052,1367039,4,2022
Bolivia,BOL,5/31/22,13709523,7204240,5970898,1533037,5,2022
Bolivia,BOL,6/30/22,13983419,7243957,6022786,1715328,6,2022
Bolivia,BOL,7/31/22,14298984,7292226,6074227,1931183,7,2022
Bolivia,BOL,8/31/22,14543499,7336499,6126638,2079014,8,2022
Bolivia,BOL,9/30/22,14671344,7357453,6156409,2156134,9,2022
Bolivia,BOL,10/7/22,14690530,7361008,6160585,2167589,10,2022
Brazil,BRA,9/30/21,239190412,151420924,91430204,1095300,9,2021
Brazil,BRA,10/31/21,279666131,159589151,116117550,8798263,10,2021
Brazil,BRA,11/30/21,309486607,163926497,133911230,16537956,11,2021
Brazil,BRA,12/31/21,331273910,166195505,143436012,26571077,12,2021
Brazil,BRA,1/31/22,362503209,170322125,149930855,47268419,1,2022
Brazil,BRA,2/28/22,392763634,177742258,155044552,65031675,2,2022
Brazil,BRA,3/31/22,415350921,181233281,160706753,78545054,3,2022
Brazil,BRA,4/29/22,429202399,182599066,163923507,87903408,4,2022
Brazil,BRA,5/31/22,441054017,183894671,166104268,96330487,5,2022
Brazil,BRA,6/30/22,454854179,184682893,168924041,106567152,6,2022
Brazil,BRA,7/17/22,461568115,184976830,169680492,112252184,7,2022
Brazil,BRA,8/31/22,470327404,186519881,171665721,117565662,8,2022
Brazil,BRA,9/27/22,472853663,187313182,172239966,118734796,9,2022
Brazil,BRA,10/28/22,473102959,187385670,172340199,118811893,10,2022
Brazil,BRA,11/30/22,476264691,188048984,174139720,119795266,11,2022
Brazil,BRA,12/31/22,480333910,188553932,174887915,122629436,12,2022
Brazil,BRA,1/29/23,483585261,189047050,175510697,124780055,1,2023
Brazil,BRA,2/21/23,484988616,189314041,175827680,125604098,2,2023
Brazil,BRA,3/22/23,486436436,189643431,176164186,126388587,3,2023
Cambodia,KHM,8/31/21,19085923,10801691,8525970,616561,8,2021
Cambodia,KHM,9/30/21,24272621,13370838,11060573,894361,9,2021
Cambodia,KHM,10/31/21,27582895,13709487,13065834,1860725,10,2021
Cambodia,KHM,11/30/21,28716448,14145606,13351514,2272479,11,2021
Cambodia,KHM,12/31/21,30456720,14262170,13659518,3588183,12,2021
Cambodia,KHM,1/31/22,33144777,14353621,13760630,6083677,1,2022
Cambodia,KHM,2/28/22,35421650,14594605,13850364,8029832,2,2022
Canada,CAN,2/28/21,1919773,1383659,536098,16,2,2021
Canada,CAN,3/31/21,5778911,5066452,712432,27,3,2021
Canada,CAN,4/30/21,13547975,12413669,1134213,93,4,2021
Canada,CAN,5/31/21,24063314,21917627,2145412,275,5,2021
Canada,CAN,6/30/21,37655078,25864127,11789641,1310,6,2021
Canada,CAN,7/31/21,49515689,27101086,22408293,6310,7,2021
Canada,CAN,8/31/21,53576522,28008670,25548423,19429,8,2021
Canada,CAN,9/30/21,56373296,29133625,27049954,189717,9,2021
Canada,CAN,10/31/21,58751900,29851094,28313942,586864,10,2021
Canada,CAN,11/30/21,60772951,30448716,29054220,1270015,11,2021
Canada,CAN,12/31/21,68836546,31746146,29437317,7653083,12,2021
Canada,CAN,1/31/22,78058871,32331655,30164340,15562876,1,2022
Canada,CAN,2/28/22,81240344,32525071,30912775,17802498,2,2022
Canada,CAN,3/31/22,82200646,32579160,31188970,18432516,3,2022
Canada,CAN,4/30/22,84066328,32675103,31311704,20079521,4,2022
Canada,CAN,5/10/22,84559800,32715947,31337111,20506742,5,2022
Canada,CAN,6/30/22,86285286,32778859,31450822,22055605,6,2022
Canada,CAN,7/28/22,87550509,32807717,31492553,23250239,7,2022
Canada,CAN,8/31/22,88779159,33031462,31542116,24205581,8,2022
Canada,CAN,9/30/22,90181416,33365905,31581862,25233649,9,2022
Canada,CAN,10/31/22,92713021,33806606,31639845,27266570,10,2022
Canada,CAN,11/30/22,95083208,34310820,31690477,29081911,11,2022
Canada,CAN,12/31/22,96303716,34618256,31731097,29954363,12,2022
Canada,CAN,1/25/23,96903460,34742937,31758251,30402272,1,2023
Chile,CHL,8/31/21,29063307,14435409,13677343,1496784,8,2021
Chile,CHL,9/30/21,32431464,15477708,14169765,3351238,9,2021
Chile,CHL,10/31/21,36948136,16501654,15140866,5877382,10,2021
Chile,CHL,11/30/21,41067929,16880177,16161871,8599248,11,2021
Chile,CHL,12/31/21,44314172,17307888,16547811,11032389,12,2021
Chile,CHL,1/31/22,46712392,17624051,16958979,12703570,1,2022
Chile,CHL,2/28/22,48750980,17798028,17237600,14289700,2,2022
Chile,CHL,3/31/22,50804747,17881671,17394140,16103524,3,2022
Chile,CHL,4/30/22,52785078,17918357,17464428,17976939,4,2022
Chile,CHL,5/31/22,56780691,17965797,17529324,21860270,5,2022
Chile,CHL,6/30/22,59453650,18003810,17581546,24443008,6,2022
Chile,CHL,7/31/22,61072832,18033721,17626819,25987006,7,2022
Chile,CHL,8/31/22,61956723,18057943,17661351,26812145,8,2022
Chile,CHL,9/30/22,62390254,18070508,17680341,27214121,9,2022
Chile,CHL,10/31/22,62501960,18075604,17687367,27313705,10,2022
Chile,CHL,11/30/22,62579286,18080059,17692563,27381380,11,2022
Chile,CHL,12/31/22,62623838,18082953,17695792,27419809,12,2022
Chile,CHL,1/31/23,62676859,18087451,17699139,27464985,1,2023
Chile,CHL,2/8/23,62688847,18088517,17700117,27474929,2,2023
China,CHN,11/19/21,2422908000,1225000000,1076308000,65730000,11,2021
China,CHN,2/25/22,3114622000,1269302000,1234540000,554728000,2,2022
China,CHN,3/31/22,3270874000,1277709000,1242281000,694936000,3,2022
China,CHN,4/28/22,3340711000,1284935000,1249688000,750189000,4,2022
China,CHN,5/26/22,3375898000,1289584000,1255732000,774679000,5,2022
China,CHN,6/27/22,3400401000,1294045000,1260501000,790025000,6,2022
China,CHN,7/22/22,3416727000,1298636000,1264901000,797985000,7,2022
China,CHN,8/9/22,3426619000,1301392000,1268285000,802174000,8,2022
China,CHN,9/7/22,3433960000,1302773000,1270656000,805705000,9,2022
China,CHN,11/28/22,3443451000,1304631000,1272830000,811176000,11,2022
China,CHN,12/13/22,3451677000,1307222000,1274018000,815718000,12,2022
China,CHN,1/12/23,3487638000,1310096000,1276302000,825855000,1,2023
Colombia,COL,12/31/21,64690489,38353097,28323837,3324832,12,2021
Colombia,COL,1/31/22,71927908,40348092,31668670,5715017,1,2022
Colombia,COL,2/23/22,76733198,41253498,33371543,8229013,2,2022
Colombia,COL,3/30/22,80853452,41984356,34827110,10382672,3,2022
Colombia,COL,4/8/22,81603837,42100204,35071761,10811351,4,2022
Cuba,CUB,12/31/21,30874045,10448955,9672464,2174094,12,2021
Cuba,CUB,1/31/22,34298831,10571945,9831581,5358553,1,2022
Cuba,CUB,2/28/22,35001661,10609335,9882394,5963173,2,2022
Cuba,CUB,3/29/22,35363914,10632733,9912714,6265554,3,2022
Cuba,CUB,4/29/22,35726905,10657393,9947498,6567781,4,2022
Cuba,CUB,5/31/22,37154750,10670978,9965164,7267798,5,2022
Cuba,CUB,6/30/22,38670436,10680013,9974692,7402393,6,2022
Cuba,CUB,7/31/22,39339120,10685032,9978994,7446572,7,2022
Cuba,CUB,8/31/22,41215831,10697601,9987269,8254912,8,2022
Cuba,CUB,9/30/22,42063368,10704693,9993273,8581565,9,2022
Cuba,CUB,10/31/22,42362502,10711016,9998400,8633949,10,2022
Cuba,CUB,11/27/22,42524733,10714617,10001009,8652687,11,2022
Cuba,CUB,12/27/22,42684967,10718957,10003726,8673703,12,2022
Cuba,CUB,1/31/23,43389857,10724646,10006870,8690665,1,2023
Cuba,CUB,2/28/23,43666601,10728541,10008554,8703423,2,2023
Cuba,CUB,3/31/23,43862866,10732262,10010919,8714242,3,2023
Cuba,CUB,4/28/23,44089196,10736052,10013168,8723698,4,2023
Cuba,CUB,5/31/23,44810809,10749013,10018297,8742146,5,2023
Cuba,CUB,6/29/23,45332327,10762163,10024568,8759552,6,2023
Cuba,CUB,7/8/23,45398208,10763491,10026021,8761990,7,2023
Cuba,CUB,8/31/23,45609830,10768171,10031524,8771586,8,2023
Cuba,CUB,9/8/23,45622024,10768788,10031911,8772388,9,2023
Cyprus,CYP,10/20/21,1203326,601675,566820,34831,10,2021
Cyprus,CYP,11/4/21,1223157,606482,571882,44793,11,2021
Cyprus,CYP,12/21/21,1496167,640890,602139,253138,12,2021
Cyprus,CYP,1/27/22,1682404,658851,626945,396608,1,2022
Czechia,CZE,1/31/21,281317,241132,40182,3,1,2021
Czechia,CZE,2/28/21,670233,424978,245239,16,2,2021
Czechia,CZE,3/31/21,1740322,1218927,521444,35,3,2021
Czechia,CZE,4/30/21,3209083,2196046,1019510,82,4,2021
Czechia,CZE,5/31/21,5389759,3922333,1508282,120,5,2021
Czechia,CZE,6/30/21,8317281,5101543,3307906,198,6,2021
Czechia,CZE,7/31/21,10414091,5682054,4875159,336,7,2021
Czechia,CZE,8/31/21,11529189,5973084,5759339,481,8,2021
Czechia,CZE,9/30/21,11855492,6102319,5984046,6570,9,2021
Czechia,CZE,10/31/21,12300727,6250328,6113042,219611,10,2021
Czechia,CZE,11/30/21,13557552,6673906,6386659,886032,11,2021
Czechia,CZE,12/31/21,15499506,6830499,6661480,2412094,12,2021
Czechia,CZE,1/31/22,17066177,6929513,6789162,3756105,1,2022
Czechia,CZE,2/28/22,17400339,6945685,6848220,4015912,2,2022
Czechia,CZE,3/31/22,17508106,6954333,6862604,4101058,3,2022
Czechia,CZE,4/30/22,17581950,6959640,6870746,4161709,4,2022
Czechia,CZE,5/31/22,17640998,6964027,6876694,4210714,5,2022
Czechia,CZE,6/30/22,17677772,6966513,6881399,4240482,6,2022
Czechia,CZE,7/31/22,17765476,6969336,6883932,4323066,7,2022
Czechia,CZE,8/31/22,17912118,6972175,6887202,4463831,8,2022
Czechia,CZE,9/30/22,18088631,6974288,6889581,4636032,9,2022
Czechia,CZE,10/31/22,18375914,6976007,6891429,4919859,10,2022
Czechia,CZE,11/30/22,18556879,6977156,6892864,5098345,11,2022
Czechia,CZE,12/31/22,18601405,6977655,6893506,5141790,12,2022
Czechia,CZE,1/31/23,18622510,6978419,6894197,5161625,1,2023
Czechia,CZE,2/28/23,18630255,6978858,6894731,5168508,2,2023
Czechia,CZE,3/31/23,18634744,6979243,6895100,5172334,3,2023
Czechia,CZE,4/28/23,18636547,6979472,6895349,5173733,4,2023
Czechia,CZE,5/31/23,18637494,6979594,6895482,5174449,5,2023
Czechia,CZE,6/30/23,18638012,6979634,6895544,5174873,6,2023
Czechia,CZE,7/28/23,18638175,6979646,6895559,5175012,7,2023
Czechia,CZE,8/31/23,18638539,6979669,6895570,5175346,8,2023
Czechia,CZE,9/30/23,18653946,6979774,6895585,5190634,9,2023
Czechia,CZE,10/31/23,18852854,6980690,6895642,5388569,10,2023
Czechia,CZE,11/30/23,18987743,6981402,6895704,5522684,11,2023
Czechia,CZE,12/29/23,19025548,6981689,6895727,5560179,12,2023
Czechia,CZE,1/31/24,19043220,6981864,6895751,5577654,1,2024
Czechia,CZE,2/29/24,19045788,6981918,6895758,5580161,2,2024
Czechia,CZE,3/28/24,19046469,6981948,6895761,5580809,3,2024
Czechia,CZE,4/30/24,19046710,6981968,6895762,5581029,4,2024
Czechia,CZE,5/31/24,19046874,6981983,6895763,5581177,5,2024
Czechia,CZE,6/28/24,19046991,6981996,6895763,5581281,6,2024
Czechia,CZE,7/31/24,19047108,6982006,6895763,5581388,7,2024
Dominican Republic,DOM,7/31/21,10140333,5543146,4215901,381286,7,2021
Dominican Republic,DOM,8/31/21,11152044,5815574,4658577,677893,8,2021
Dominican Republic,DOM,9/30/21,11919643,6069351,4907894,942398,9,2021
Dominican Republic,DOM,10/31/21,13277959,6728113,5326123,1223723,10,2021
Dominican Republic,DOM,11/30/21,13816937,6875984,5601216,1339737,11,2021
Dominican Republic,DOM,12/31/21,14086551,6938596,5699587,1448368,12,2021
Dominican Republic,DOM,1/31/22,14773753,6999277,5794606,1948527,1,2022
Dominican Republic,DOM,2/28/22,15252198,7119929,5858333,2215867,2,2022
Dominican Republic,DOM,3/30/22,15499959,7187620,5929000,2297548,3,2022
Dominican Republic,DOM,4/30/22,15595994,7207303,5961914,2327090,4,2022
Dominican Republic,DOM,5/31/22,15668093,7220831,5981218,2347821,5,2022
Dominican Republic,DOM,6/30/22,15777351,7237525,5999469,2381643,6,2022
Dominican Republic,DOM,7/27/22,15869795,7252822,6014865,2410849,7,2022
Dominican Republic,DOM,8/31/22,15966697,7270441,6033290,2443229,8,2022
Dominican Republic,DOM,9/30/22,16035018,7282511,6046737,2466463,9,2022
Dominican Republic,DOM,10/31/22,16089476,7290037,6057459,2485347,10,2022
Dominican Republic,DOM,11/30/22,16134119,7296172,6066275,2500509,11,2022
Dominican Republic,DOM,12/28/22,16171774,7300382,6071623,2513784,12,2022
Dominican Republic,DOM,1/31/23,16211082,7305984,6078255,2526393,1,2023
Dominican Republic,DOM,3/15/23,16254483,7312608,6085921,2539911,3,2023
Dominican Republic,DOM,12/28/23,16430339,7367193,6130377,2574938,12,2023
Ecuador,ECU,10/31/21,22597171,12630462,10315176,58948,10,2021
Ecuador,ECU,11/30/21,25200571,13766680,11451335,420442,11,2021
Ecuador,ECU,12/31/21,27566331,14224604,12690467,1127965,12,2021
Ecuador,ECU,1/31/22,30028057,14653284,13306352,2606196,1,2022
Ecuador,ECU,2/28/22,31989116,14774659,13565023,4199479,2,2022
Ecuador,ECU,3/31/22,33311915,14846129,13732623,5288533,3,2022
Ecuador,ECU,4/30/22,34491005,15126559,13915736,6006789,4,2022
Ecuador,ECU,5/31/22,35238813,15166918,13977134,6656256,5,2022
Ecuador,ECU,6/30/22,35862320,15190772,14018382,7217745,6,2022
Ecuador,ECU,7/31/22,36712947,15216673,14058805,8005416,7,2022
Ecuador,ECU,8/22/22,37260948,15237333,14088206,8504039,8,2022
Ecuador,ECU,12/16/22,39244571,15313094,14210874,10285793,12,2022
Ecuador,ECU,1/13/23,39362552,15320218,14220659,10386865,1,2023
Egypt,EGY,5/15/22,82907695,46643770,34761879,2947183,5,2022
El Salvador,SLV,9/30/21,7584818,4107518,3416168,61132,9,2021
El Salvador,SLV,10/18/21,8178337,4246672,3616154,315511,10,2021
El Salvador,SLV,11/24/21,9121715,4416185,4041016,664514,11,2021
El Salvador,SLV,12/22/21,9553791,4476802,4146488,930501,12,2021
El Salvador,SLV,1/25/22,9936259,4526149,4201347,1208763,1,2022
El Salvador,SLV,2/28/22,10234262,4569063,4258480,1406719,2,2022
El Salvador,SLV,3/24/22,10418549,4582343,4281899,1554307,3,2022
Estonia,EST,1/31/21,38531,28078,11448,286,1,2021
Estonia,EST,2/28/21,112685,78594,36257,1378,2,2021
Estonia,EST,3/31/21,266715,202944,71157,2282,3,2021
Estonia,EST,4/30/21,459048,336619,135943,5110,4,2021
Estonia,EST,5/31/21,706206,472290,269750,9365,5,2021
Estonia,EST,6/30/21,955397,559105,449729,14361,6,2021
Estonia,EST,7/31/21,1133198,638236,572409,19068,7,2021
Estonia,EST,8/31/21,1272753,726824,649138,24454,8,2021
Estonia,EST,9/30/21,1370763,758107,725097,31806,9,2021
Estonia,EST,10/31/21,1477136,795456,770001,77670,10,2021
Estonia,EST,11/30/21,1659583,827664,798630,215804,11,2021
Estonia,EST,12/31/21,1808855,842111,827748,331279,12,2021
Estonia,EST,1/31/22,1920098,854308,841835,424974,1,2022
Estonia,EST,2/28/22,1954080,857247,848058,452359,2,2022
Estonia,EST,3/31/22,1972587,859209,851376,467768,3,2022
Estonia,EST,4/30/22,1982832,860558,852911,476839,4,2022
Estonia,EST,5/31/22,1990030,862046,854510,483119,5,2022
Estonia,EST,6/30/22,1994143,863077,855561,486637,6,2022
Estonia,EST,7/31/22,2002873,864297,856733,494624,7,2022
Estonia,EST,8/31/22,2028311,865996,858379,518966,8,2022
Estonia,EST,9/30/22,2053343,867011,859420,543267,9,2022
Estonia,EST,10/31/22,2076217,867682,860119,565695,10,2022
Estonia,EST,11/30/22,2093676,868225,860708,582829,11,2022
Estonia,EST,12/31/22,2101403,868543,861026,590373,12,2022
Estonia,EST,1/31/23,2107507,868924,861397,596272,1,2023
Estonia,EST,2/28/23,2109685,869099,861575,598345,2,2023
Estonia,EST,3/31/23,2111104,869231,861721,599659,3,2023
Estonia,EST,4/30/23,2111852,869297,861787,600356,4,2023
Estonia,EST,5/31/23,2112309,869328,861822,600780,5,2023
Estonia,EST,6/30/23,2112523,869346,861842,600980,6,2023
Estonia,EST,7/28/23,2112637,869363,861859,601085,7,2023
Estonia,EST,8/31/23,2113002,869381,861875,601440,8,2023
Estonia,EST,9/30/23,2114283,869412,861905,602705,9,2023
Estonia,EST,10/31/23,2129732,869595,862109,618008,10,2023
Estonia,EST,11/30/23,2157128,869923,862452,645191,11,2023
Estonia,EST,12/30/23,2167635,870078,862613,655580,12,2023
Estonia,EST,1/31/24,2170076,870131,862667,657979,1,2024
Estonia,EST,2/29/24,2170683,870152,862689,658571,2,2024
Estonia,EST,3/28/24,2170911,870159,862698,658790,3,2024
Estonia,EST,4/30/24,2171072,870173,862713,658940,4,2024
Estonia,EST,5/31/24,2171205,870180,862721,659068,5,2024
Estonia,EST,6/28/24,2171316,870189,862730,659173,6,2024
Estonia,EST,7/31/24,2171480,870200,862741,659328,7,2024
Estonia,EST,8/10/24,2171615,870213,862748,659451,8,2024
Finland,FIN,1/31/22,11008185,4388583,4134366,2485236,1,2022
Finland,FIN,2/9/22,11309855,4458538,4199540,2651777,2,2022
Finland,FIN,3/9/22,11488408,4459574,4239876,2788958,3,2022
France,FRA,1/31/21,1735660,1680348,55310,2,1,2021
France,FRA,2/28/21,4816197,3154522,1661643,32,2,2021
France,FRA,3/31/21,11805333,8873655,2931565,113,3,2021
France,FRA,4/30/21,22621234,16068169,6605366,10583,4,2021
France,FRA,5/31/21,37550301,26417423,11378670,47299,5,2021
France,FRA,6/30/21,55316784,34602301,21205674,85690,6,2021
France,FRA,7/31/21,74790548,43098128,32449846,131943,7,2021
France,FRA,8/31/21,88756478,49129350,40480192,188243,8,2021
France,FRA,9/30/21,95754584,50946635,44610211,1266560,9,2021
France,FRA,10/31/21,100013394,51841220,46112320,3135281,10,2021
France,FRA,11/30/21,106596349,52488353,47294683,7891773,11,2021
France,FRA,12/31/21,124246736,53230434,49647368,22449023,12,2021
France,FRA,1/31/22,137263399,54124920,51662803,32556610,1,2022
France,FRA,2/28/22,141498380,54340110,52585211,35654429,2,2022
France,FRA,3/31/22,142583021,54406535,52767228,36490845,3,2022
France,FRA,4/30/22,143758435,54454764,52851688,37533697,4,2022
France,FRA,5/31/22,144806876,54495871,52919172,38473631,5,2022
France,FRA,6/30/22,146207975,54531282,52983109,39775480,6,2022
France,FRA,7/31/22,148659924,54566822,53044264,42130853,7,2022
France,FRA,8/31/22,149486288,54584949,53072954,42910500,8,2022
France,FRA,9/30/22,150124638,54602235,53095528,43509055,9,2022
France,FRA,10/31/22,151004777,54617132,53115722,44354161,10,2022
France,FRA,11/30/22,151878365,54629795,53131783,45199071,11,2022
France,FRA,12/31/22,153458028,54644454,53148866,46747038,12,2022
France,FRA,1/31/23,154165142,54658180,53164856,47424471,1,2023
France,FRA,2/28/23,154335793,54665247,53174650,47578294,2,2023
France,FRA,3/31/23,154409111,54670602,53182452,47638474,3,2023
France,FRA,4/30/23,154445339,54673693,53187295,47666776,4,2023
France,FRA,5/31/23,154467854,54675803,53190103,47684374,5,2023
France,FRA,6/30/23,154489830,54677353,53192152,47702757,6,2023
France,FRA,7/10/23,154493266,54677678,53192478,47705542,7,2023
Germany,DEU,5/31/21,51421898,36562117,15180670,1,5,2021
Germany,DEU,6/30/21,76759847,47103248,31310938,6090,6,2021
Germany,DEU,7/31/21,94312436,52363569,43813621,13643,7,2021
Germany,DEU,8/31/21,103827960,55284711,50492763,39486,8,2021
Germany,DEU,9/30/21,109890973,57553645,53577751,851750,9,2021
Germany,DEU,10/31/21,114157653,58687279,55368166,2253651,10,2021
Germany,DEU,11/30/21,126945496,60592071,56974571,11606044,11,2021
Germany,DEU,12/31/21,153966358,62755976,59158121,34336313,12,2021
Germany,DEU,1/31/22,169137403,64018481,61561557,45850623,1,2022
Germany,DEU,2/28/22,174300293,64400829,62688649,49502268,2,2022
Germany,DEU,3/31/22,178283670,64593840,63108382,52871795,3,2022
Germany,DEU,4/30/22,180589838,64668936,63258598,54951610,4,2022
Germany,DEU,5/31/22,182019562,64709801,63340811,56257603,5,2022
Germany,DEU,6/30/22,183007531,64742175,63395721,57157171,6,2022
Germany,DEU,7/31/22,184074128,64770395,63437497,58151925,7,2022
Germany,DEU,8/31/22,184849265,64794035,63470261,58868924,8,2022
Germany,DEU,9/30/22,185932640,64813872,63498674,59884180,9,2022
Germany,DEU,10/31/22,188411647,64837302,63522661,61944028,10,2022
Germany,DEU,11/30/22,190644801,64855288,63539843,63688504,11,2022
Germany,DEU,12/31/22,191587054,64864280,63550296,64384901,12,2022
Germany,DEU,1/31/23,191969425,64870312,63555965,64644640,1,2023
Germany,DEU,2/28/23,192116766,64872861,63559019,64735353,2,2023
Germany,DEU,3/31/23,192209132,64876036,63562946,64785265,3,2023
Germany,DEU,4/7/23,192221468,64876299,63563414,64791434,4,2023
Greece,GRC,9/30/21,12162958,6445279,6123386,30227,9,2021
Greece,GRC,10/31/21,12892763,6638876,6375743,340526,10,2021
Greece,GRC,11/30/21,14516080,7047587,6614211,1374349,11,2021
Greece,GRC,12/31/21,17469497,7469369,7041133,3530076,12,2021
Greece,GRC,1/31/22,19361091,7755916,7335277,4854521,1,2022
Greece,GRC,2/28/22,20147246,7858917,7536593,5336400,2,2022
Greece,GRC,3/31/22,20536009,7898322,7596169,5624506,3,2022
Greece,GRC,4/30/22,20869413,7910893,7617186,5916351,4,2022
Greece,GRC,5/31/22,21017697,7915426,7624898,6053134,5,2022
Greece,GRC,6/30/22,21097421,7919273,7629235,6125168,6,2022
Greece,GRC,7/31/22,21247055,7923152,7633031,6267586,7,2022
Greece,GRC,8/31/22,21332343,7925878,7635790,6347853,8,2022
Greece,GRC,9/30/22,21422686,7928417,7638543,6433457,9,2022
Greece,GRC,10/31/22,21660301,7930019,7640281,6668031,10,2022
Greece,GRC,11/30/22,21892721,7931438,7641790,6897726,11,2022
Greece,GRC,12/31/22,22017133,7932395,7642847,7020281,12,2022
Greece,GRC,1/31/23,22093887,7933390,7643899,7095265,1,2023
Greece,GRC,2/28/23,22109677,7933881,7644313,7110204,2,2023
Greece,GRC,3/31/23,22118472,7934519,7644993,7117837,3,2023
Greece,GRC,4/28/23,22121348,7934914,7645311,7120049,4,2023
Greece,GRC,5/31/23,22123886,7935331,7645722,7121832,5,2023
Greece,GRC,6/30/23,22125336,7935587,7645984,7122802,6,2023
Greece,GRC,7/29/23,22126327,7935841,7646233,7123329,7,2023
Greece,GRC,8/31/23,22127142,7936039,7646380,7123802,8,2023
Greece,GRC,9/30/23,22128233,7936230,7646512,7124577,9,2023
Greece,GRC,10/31/23,22154280,7936447,7646647,7150274,10,2023
Greece,GRC,11/30/23,22235174,7936818,7646794,7230652,11,2023
Greece,GRC,12/31/23,22298982,7937102,7646864,7294103,12,2023
Greece,GRC,1/31/24,22442023,7937518,7646963,7436629,1,2024
Greece,GRC,2/29/24,22461689,7937718,7647013,7456042,2,2024
Greece,GRC,3/29/24,22465803,7937822,7647042,7460021,3,2024
Greece,GRC,4/30/24,22467098,7937921,7647061,7461193,4,2024
Greece,GRC,5/31/24,22467612,7937985,7647071,7461631,5,2024
Greece,GRC,6/26/24,22467978,7938031,7647076,7461944,6,2024
Grenada,GRD,7/8/22,89257,43806,38603,6848,7,2022
Guatemala,GTM,12/31/21,11310579,6535250,4686883,88446,12,2021
Guatemala,GTM,1/31/22,13451175,6925768,5288191,1237216,1,2022
Guatemala,GTM,2/15/22,14162640,7096019,5499833,1566788,2,2022
Guatemala,GTM,7/8/22,18035992,8317459,6359545,3358988,7,2022
Guatemala,GTM,12/16/22,19954034,8855397,7026766,4071871,12,2022
Guatemala,GTM,1/13/23,20012686,8867838,7044084,4100764,1,2023
Guyana,GUY,2/26/22,808206,431597,326867,49742,2,2022
Guyana,GUY,3/11/22,878430,468737,356238,53455,3,2022
Iceland,ISL,8/27/21,526545,279121,263531,37779,8,2021
Iceland,ISL,9/17/21,547788,281141,274175,46674,9,2021
India,IND,1/31/22,1664786038,943027714,709926447,11831877,1,2022
India,IND,2/28/22,1775178647,965733580,790556254,18888813,2,2022
India,IND,3/31/22,1841947045,988846975,831238996,21861074,3,2022
India,IND,4/30/22,1888681185,1003162202,858800580,26718403,4,2022
India,IND,5/31/22,1933706281,1011329919,888628256,33748106,5,2022
India,IND,6/30/22,1975334761,1016506282,914479703,44348776,6,2022
India,IND,7/31/22,2042774905,1021327183,932775394,88672328,7,2022
India,IND,8/31/22,2124186933,1024516127,942327191,157343615,8,2022
India,IND,9/30/22,2185459294,1026371105,948371253,210716936,9,2022
India,IND,10/30/22,2196335748,1026856716,950090439,219388593,10,2022
India,IND,11/30/22,2199192115,1027045950,950765492,221380673,11,2022
India,IND,12/31/22,2200989986,1027200953,951207411,222581622,12,2022
India,IND,1/31/23,2204868897,1027325954,951695297,225847646,1,2023
India,IND,2/28/23,2206361497,1027373895,951881903,227105699,2,2023
India,IND,3/31/23,2206573347,1027398367,951957326,227217654,3,2023
India,IND,4/30/23,2206638852,1027404628,951968069,227266155,4,2023
India,IND,5/31/23,2206683432,1027408186,951976039,227299207,5,2023
India,IND,6/30/23,2206711105,1027412132,951978918,227320055,6,2023
India,IND,7/31/23,2206725772,1027414484,951981701,227329587,7,2023
India,IND,8/31/23,2206740203,1027416795,951984472,227338936,8,2023
India,IND,9/30/23,2206744185,1027418124,951985329,227340732,9,2023
India,IND,10/31/23,2206747498,1027419253,951986139,227342106,10,2023
India,IND,11/30/23,2206750188,1027420049,951986909,227343230,11,2023
India,IND,12/18/23,2206751630,1027420518,951987230,227343882,12,2023
India,IND,1/31/24,2206758325,1027421784,951988192,227348349,1,2024
India,IND,2/29/24,2206777956,1027429250,951988544,227360162,2,2024
India,IND,3/31/24,2206865838,1027438304,951990034,227437500,3,2024
India,IND,4/30/24,2206866553,1027438529,951990205,227437819,4,2024
India,IND,5/31/24,2206867190,1027438651,951990350,227438189,5,2024
India,IND,6/30/24,2206867624,1027438787,951990441,227438396,6,2024
India,IND,7/31/24,2206867897,1027438886,951990515,227438496,7,2024
India,IND,8/11/24,2206867993,1027438922,951990547,227438524,8,2024
Indonesia,IDN,2/28/22,345697245,190969599,144458756,10214605,2,2022
Indonesia,IDN,3/31/22,379419843,196534266,159325260,23014251,3,2022
Indonesia,IDN,4/30/22,401308016,199346528,165134259,37458813,4,2022
Indonesia,IDN,5/31/22,401308016,200267408,167420810,37458813,5,2022
Indonesia,IDN,6/1/22,401308016,200327825,167507245,37458813,6,2022
Iran,IRN,1/31/22,132202293,60770435,54116027,17315831,1,2022
Iran,IRN,2/28/22,141526830,62844117,55486457,23196256,2,2022
Iran,IRN,3/30/22,146884643,63890778,56842387,26151478,3,2022
Iran,IRN,4/26/22,148734814,64291183,57491956,26951675,4,2022
Iran,IRN,5/25/22,149796958,64509636,57810690,27476632,5,2022
Iraq,IRQ,4/26/22,18060386,10517211,7376481,166694,4,2022
Ireland,IRL,9/30/21,7337067,3829340,3741324,6996,9,2021
Ireland,IRL,10/30/21,7643164,3869471,3804357,210375,10,2021
Ireland,IRL,11/30/21,8393774,3910929,3847646,876361,11,2021
Ireland,IRL,12/31/21,9859848,3936632,3884580,2279845,12,2021
Ireland,IRL,1/31/22,10464316,4053801,3922825,2728923,1,2022
Ireland,IRL,2/28/22,10668597,4077532,3998814,2833493,2,2022
Ireland,IRL,3/31/22,10808970,4086872,4028907,2934448,3,2022
Ireland,IRL,4/30/22,10900370,4093491,4041093,3007051,4,2022
Ireland,IRL,5/31/22,10969858,4097853,4048656,3064622,5,2022
Ireland,IRL,6/30/22,11012122,4100370,4053603,3099433,6,2022
Ireland,IRL,7/31/22,11040661,4102530,4056624,3122796,7,2022
Ireland,IRL,8/31/22,11057256,4104103,4058496,3135948,8,2022
Ireland,IRL,9/30/22,11069243,4105271,4060076,3145191,9,2022
Ireland,IRL,10/29/22,11086502,4106383,4061019,3160396,10,2022
Ireland,IRL,11/30/22,11100996,4107262,4061875,3173158,11,2022
Ireland,IRL,12/31/22,11109230,4107806,4062496,3180229,12,2022
Ireland,IRL,1/31/23,11118265,4108729,4063095,3187742,1,2023
Ireland,IRL,2/28/23,11122777,4109319,4063650,3191110,2,2023
Ireland,IRL,3/31/23,11125516,4109807,4064236,3192776,3,2023
Ireland,IRL,4/30/23,11127066,4110130,4064622,3193617,4,2023
Ireland,IRL,5/31/23,11129065,4110544,4064829,3194995,5,2023
Ireland,IRL,6/30/23,11130178,4110713,4064959,3195809,6,2023
Ireland,IRL,7/31/23,11130548,4110789,4065038,3196024,7,2023
Ireland,IRL,8/31/23,11130875,4110892,4065085,3196201,8,2023
Ireland,IRL,9/30/23,11131817,4111000,4065161,3196959,9,2023
Ireland,IRL,10/31/23,11138326,4111230,4065237,3203162,10,2023
Ireland,IRL,11/30/23,11142851,4111381,4065337,3207436,11,2023
Ireland,IRL,12/30/23,11145135,4111483,4065424,3209531,12,2023
Ireland,IRL,1/31/24,11146516,4111578,4065500,3210741,1,2024
Ireland,IRL,2/29/24,11146970,4111637,4065550,3211086,2,2024
Ireland,IRL,3/31/24,11147126,4111666,4065574,3211189,3,2024
Ireland,IRL,4/30/24,11147708,4111927,4065583,3211501,4,2024
Ireland,IRL,5/10/24,11148281,4112237,4065584,3211763,5,2024
Israel,ISR,7/31/21,11250465,5824222,5410826,15417,7,2021
Israel,ISR,8/31/21,13832387,6023694,5524541,2284152,8,2021
Israel,ISR,9/30/21,15258242,6154377,5678383,3425482,9,2021
Israel,ISR,10/31/21,16000006,6265573,5764104,3970329,10,2021
Israel,ISR,11/30/21,16264005,6360795,5805331,4097879,11,2021
Israel,ISR,12/31/21,16786452,6581194,5942734,4262524,12,2021
Israel,ISR,1/31/22,17929209,6702531,6107760,5118918,1,2022
Israel,ISR,2/28/22,18058771,6708246,6132399,5218126,2,2022
Israel,ISR,3/31/22,18111160,6710973,6138903,5261284,3,2022
Israel,ISR,4/30/22,18152943,6713255,6143094,5296594,4,2022
Israel,ISR,5/31/22,18173643,6715023,6146577,5312043,5,2022
Israel,ISR,6/30/22,18201212,6716959,6150031,5334222,6,2022
Israel,ISR,7/29/22,18220250,6718388,6153070,5348792,7,2022
Israel,ISR,8/31/22,18230723,6720241,6155323,5355159,8,2022
Israel,ISR,9/30/22,18251405,6720984,6156911,5373510,9,2022
Israel,ISR,10/31/22,18359731,6721382,6157500,5480849,10,2022
Israel,ISR,11/30/22,18519253,6721834,6158030,5639389,11,2022
Israel,ISR,12/31/22,18609154,6722195,6158460,5728499,12,2022
Israel,ISR,1/31/23,18637392,6722528,6158838,5756026,1,2023
Israel,ISR,2/28/23,18643855,6722867,6159225,5761763,2,2023
Israel,ISR,3/30/23,18647532,6723034,6159661,5764837,3,2023
Israel,ISR,4/28/23,18648876,6723101,6159795,5765980,4,2023
Israel,ISR,5/4/23,18649248,6723119,6159825,5766304,5,2023
Italy,ITA,9/30/21,85043025,45380153,41036087,112480,9,2021
Italy,ITA,10/31/21,90073352,46759208,43101932,1710878,10,2021
Italy,ITA,11/30/21,96739702,47361547,44054236,6825055,11,2021
Italy,ITA,12/31/21,111400252,48486482,44709912,19708182,12,2021
Italy,ITA,1/31/22,128454068,50293143,46071120,33597152,1,2022
Italy,ITA,2/28/22,134204348,50717107,47436768,37558573,2,2022
Italy,ITA,3/31/22,136007970,50816906,47780183,38919029,3,2022
Italy,ITA,4/30/22,136904313,50848686,47856416,39707378,4,2022
Italy,ITA,5/31/22,137891607,50868931,47884006,40646845,5,2022
Italy,ITA,6/30/22,138385623,50882174,47898746,41112951,6,2022
Italy,ITA,7/31/22,139715452,50896262,47910663,42416782,7,2022
Italy,ITA,8/31/22,140450197,50905884,47919696,43132876,8,2022
Italy,ITA,9/30/22,140896187,50913522,47926572,43564518,9,2022
Italy,ITA,10/31/22,142199651,50920014,47932044,44887691,10,2022
Italy,ITA,11/30/22,143322451,50925205,47936474,46145986,11,2022
Italy,ITA,12/31/22,144048328,50928933,47939988,47036385,12,2022
Italy,ITA,1/31/23,144439112,50932342,47942337,47511601,1,2023
Italy,ITA,2/28/23,144540116,50933948,47944159,47654754,2,2023
Italy,ITA,3/31/23,144579659,50935107,47945368,47714743,3,2023
Italy,ITA,4/30/23,144592112,50935703,47946019,47734659,4,2023
Italy,ITA,5/31/23,144601007,50936157,47946540,47749547,5,2023
Italy,ITA,6/30/23,144604658,50936361,47946863,47755376,6,2023
Italy,ITA,7/29/23,144605784,50936470,47946938,47757085,7,2023
Italy,ITA,8/31/23,144606652,50936620,47947008,47758273,8,2023
Italy,ITA,9/30/23,144607832,50936678,47947081,47760702,9,2023
Italy,ITA,10/31/23,144608324,50936703,47947093,47762727,10,2023
Italy,ITA,11/16/23,144608839,50936719,47947097,47765365,11,2023
Jamaica,JAM,12/26/21,1198938,709617,560475,3830,12,2021
Jamaica,JAM,1/31/22,1303898,745109,620024,20540,1,2022
Jamaica,JAM,2/28/22,1359844,767077,651707,28301,2,2022
Jamaica,JAM,3/31/22,1395909,781259,673839,33290,3,2022
Jamaica,JAM,4/27/22,1413247,789098,684982,36430,4,2022
Jamaica,JAM,5/30/22,1437876,800803,698448,40526,5,2022
Jamaica,JAM,6/30/22,1458169,813122,709895,42219,6,2022
Jamaica,JAM,7/26/22,1469784,820136,717947,43180,7,2022
Jamaica,JAM,8/31/22,1482408,827822,726317,44146,8,2022
Jamaica,JAM,9/30/22,1491497,833515,732564,44703,9,2022
Japan,JPN,12/31/21,201971478,101215832,99712082,1043564,12,2021
Japan,JPN,1/31/22,207982584,101569375,100048776,6364433,1,2022
Japan,JPN,2/28/22,231952516,101869746,100399388,29683382,2,2022
Japan,JPN,3/31/22,258633834,102659096,100740090,55234648,3,2022
Japan,JPN,4/30/22,273925876,103299431,101608799,69017646,4,2022
Japan,JPN,5/31/22,281316725,103624423,102091056,75601246,5,2022
Japan,JPN,6/30/22,285281251,103793685,102380665,79106901,6,2022
Japan,JPN,7/31/22,300315136,103969754,102540995,93804387,7,2022
Japan,JPN,8/31/22,317700754,104157082,102737362,110806310,8,2022
Japan,JPN,9/30/22,325473375,104251465,102890775,118331135,9,2022
Japan,JPN,10/31/22,333003925,104303725,102953265,125746935,10,2022
Japan,JPN,11/30/22,352044212,104423858,103011906,144608448,11,2022
Japan,JPN,12/31/22,373165262,104558118,103154352,165452792,12,2022
Japan,JPN,1/31/23,380179620,104638379,103262800,172278441,1,2023
Japan,JPN,2/28/23,382434720,104674377,103328682,174431661,2,2023
Japan,JPN,3/31/23,383419107,104695175,103367657,175356275,3,2023
Japan,JPN,4/30/23,383724199,104704532,103379476,175640191,4,2023
Japan,JPN,5/7/23,383747738,104705133,103380343,175662262,5,2023
Jordan,JOR,6/28/22,10007983,4805507,4538702,667902,6,2022
Kazakhstan,KAZ,2/28/22,20884314,9382851,8987392,2514071,2,2022
Kazakhstan,KAZ,3/3/22,20918681,9394344,9010266,2514071,3,2022
Kenya,KEN,1/31/22,12252574,6572987,5530890,148697,1,2022
Kenya,KEN,2/13/22,15236700,8054405,6958610,223685,2,2022
Kuwait,KWT,4/27/22,7969160,3419874,3294466,1254820,4,2022
Kuwait,KWT,11/2/22,8235679,3449971,3340204,1445504,11,2022
Kuwait,KWT,12/12/22,8254305,3454344,3342954,1457007,12,2022
Kuwait,KWT,2/14/23,8258569,3456298,3344805,1457466,2,2023
Kuwait,KWT,4/25/23,8259850,3456834,3345503,1457513,4,2023
Kuwait,KWT,5/30/23,8260414,3457089,3345802,1457523,5,2023
Latvia,LVA,1/31/21,24232,17443,6786,6,1,2021
Latvia,LVA,2/28/21,63949,46650,17298,6,2,2021
Latvia,LVA,3/31/21,142708,117866,24852,7,3,2021
Latvia,LVA,4/30/21,322082,266967,55477,7,4,2021
Latvia,LVA,5/31/21,764829,507786,276017,13,5,2021
Latvia,LVA,6/30/21,1120588,624007,550970,18,6,2021
Latvia,LVA,7/31/21,1321161,734750,682962,28,7,2021
Latvia,LVA,8/31/21,1476706,825750,760780,40,8,2021
Latvia,LVA,9/30/21,1637411,915246,855502,208,9,2021
Latvia,LVA,10/31/21,1959451,1161633,1014651,11254,10,2021
Latvia,LVA,11/30/21,2274281,1276683,1192108,73665,11,2021
Latvia,LVA,12/31/21,2555555,1314123,1262507,258489,12,2021
Latvia,LVA,1/31/22,2787898,1337073,1287889,447090,1,2022
Latvia,LVA,2/28/22,2853123,1341697,1298956,497603,2,2022
Latvia,LVA,3/31/22,2876028,1343869,1302582,515121,3,2022
Latvia,LVA,4/30/22,2885340,1344982,1304259,521855,4,2022
Latvia,LVA,5/31/22,2891168,1345611,1305194,526267,5,2022
Latvia,LVA,6/30/22,2894574,1346041,1305752,528756,6,2022
Latvia,LVA,7/11/22,2895716,1346184,1305976,529562,7,2022
Lebanon,LBN,12/31/21,4379487,2252750,1831322,295415,12,2021
Lebanon,LBN,1/31/22,4902087,2438034,2019153,444900,1,2022
Lebanon,LBN,2/28/22,5176128,2491955,2156594,527579,2,2022
Lebanon,LBN,3/31/22,5281651,2517433,2204062,560156,3,2022
Lebanon,LBN,4/25/22,5602400,2677312,2351269,573819,4,2022
Libya,LBY,2/28/22,3324621,2159157,1092052,73412,2,2022
Libya,LBY,3/24/22,3415834,2201314,1125758,89762,3,2022
Lithuania,LTU,2/28/21,240938,166519,74415,4,2,2021
Lithuania,LTU,3/31/21,522595,353432,169154,14,3,2021
Lithuania,LTU,4/30/21,990801,690017,300975,56,4,2021
Lithuania,LTU,5/31/21,1614087,1020088,611460,167,5,2021
Lithuania,LTU,6/30/21,2246380,1241859,1053140,298,6,2021
Lithuania,LTU,7/31/21,2583407,1415128,1249990,391,7,2021
Lithuania,LTU,8/31/21,3000693,1659947,1515373,1560,8,2021
Lithuania,LTU,9/30/21,3227101,1749247,1646403,28394,9,2021
Lithuania,LTU,10/31/21,3396649,1812249,1725782,85707,10,2021
Lithuania,LTU,11/30/21,3705161,1870631,1783128,303135,11,2021
Lithuania,LTU,12/31/21,4131857,1917809,1832177,652028,12,2021
Lithuania,LTU,1/31/22,4415194,1942427,1861435,885853,1,2022
Lithuania,LTU,2/28/22,4451314,1946324,1870213,909369,2,2022
Lithuania,LTU,3/31/22,4467757,1948774,1872800,920774,3,2022
Lithuania,LTU,4/30/22,4479117,1950641,1874569,928505,4,2022
Lithuania,LTU,5/31/22,4485605,1951802,1875928,932482,5,2022
Lithuania,LTU,6/30/22,4488966,1952412,1876677,934364,6,2022
Lithuania,LTU,7/29/22,4492943,1953362,1877210,936566,7,2022
Lithuania,LTU,8/31/22,4497824,1954493,1878151,938305,8,2022
Lithuania,LTU,9/30/22,4502541,1955338,1878828,939656,9,2022
Lithuania,LTU,10/29/22,4517438,1955792,1879307,941281,10,2022
Lithuania,LTU,11/30/22,4533451,1956189,1879669,942698,11,2022
Lithuania,LTU,12/30/22,4539926,1956439,1879896,943381,12,2022
Lithuania,LTU,1/31/23,4543249,1956696,1880074,943830,1,2023
Lithuania,LTU,2/28/23,4544489,1956895,1880217,944003,2,2023
Lithuania,LTU,3/31/23,4545370,1957045,1880386,944181,3,2023
Lithuania,LTU,4/28/23,4545774,1957125,1880487,944275,4,2023
Lithuania,LTU,5/31/23,4545970,1957157,1880535,944314,5,2023
Lithuania,LTU,6/30/23,4546061,1957171,1880555,944341,6,2023
Lithuania,LTU,7/28/23,4546097,1957179,1880555,944349,7,2023
Lithuania,LTU,8/31/23,4546171,1957180,1880556,944368,8,2023
Lithuania,LTU,9/30/23,4546398,1957184,1880558,944391,9,2023
Lithuania,LTU,10/31/23,4572542,1957543,1880739,946011,10,2023
Lithuania,LTU,11/30/23,4594229,1957962,1880957,947660,11,2023
Lithuania,LTU,12/29/23,4603092,1958150,1881066,948371,12,2023
Lithuania,LTU,1/31/24,4604387,1958226,1881090,948543,1,2024
Lithuania,LTU,2/29/24,4604621,1958244,1881095,948575,2,2024
Lithuania,LTU,3/29/24,4604673,1958258,1881097,948587,3,2024
Lithuania,LTU,4/30/24,4604733,1958270,1881101,948596,4,2024
Lithuania,LTU,5/24/24,4604778,1958284,1881102,948607,5,2024
Lithuania,LTU,6/20/24,4604799,1958291,1881104,948608,6,2024
Lithuania,LTU,7/31/24,4604839,1958299,1881106,948615,7,2024
Lithuania,LTU,8/14/24,4604865,1958300,1881106,948621,8,2024
Luxembourg,LUX,3/31/21,95691,73151,22539,1,3,2021
Luxembourg,LUX,4/13/21,141438,103569,37868,1,4,2021
Malaysia,MYS,9/30/21,44980438,24205810,20913918,263,9,2021
Malaysia,MYS,10/31/21,50707776,25740121,24830597,319864,10,2021
Malaysia,MYS,11/30/21,53723076,25924368,25501979,2488822,11,2021
Malaysia,MYS,12/31/21,57849311,26035991,25665445,6348428,12,2021
Malaysia,MYS,1/31/22,63729703,26093795,25746565,12094488,1,2022
Malaysia,MYS,2/28/22,67373064,27040479,25785007,14755992,2,2022
Malaysia,MYS,3/31/22,69056339,27546719,25838957,15883219,3,2022
Malaysia,MYS,4/30/22,70476629,27817495,26765989,16107196,4,2022
Malaysia,MYS,5/31/22,71157075,28040392,27114262,16217551,5,2022
Malaysia,MYS,6/30/22,71456729,28072473,27305877,16294327,6,2022
Malaysia,MYS,7/31/22,71888777,28089497,27470262,16546103,7,2022
Malaysia,MYS,8/31/22,72084230,28101447,27507474,16693295,8,2022
Malaysia,MYS,9/30/22,72161678,28109662,27520114,16750114,9,2022
Malaysia,MYS,10/31/22,72201112,28114370,27527531,16777454,10,2022
Malaysia,MYS,11/30/22,72289129,28118941,27532134,16856303,11,2022
Malaysia,MYS,12/31/22,72357376,28123089,27536577,16915959,12,2022
Malaysia,MYS,1/31/23,72536994,28127269,27540185,17087790,1,2023
Malaysia,MYS,2/28/23,72578908,28130239,27543144,17123775,2,2023
Malaysia,MYS,3/31/23,72599577,28132163,27545721,17139943,3,2023
Malaysia,MYS,4/30/23,72612445,28133229,27547421,17150045,4,2023
Malaysia,MYS,5/31/23,72624364,28135186,27548653,17158775,5,2023
Malaysia,MYS,6/29/23,72630155,28136057,27549258,17163090,6,2023
Malaysia,MYS,7/31/23,72634081,28136483,27549615,17166233,7,2023
Malaysia,MYS,8/31/23,72636593,28136700,27549798,17168345,8,2023
Malaysia,MYS,9/30/23,72639700,28136999,27550101,17170850,9,2023
Malaysia,MYS,10/31/23,72642953,28137178,27550347,17173678,10,2023
Malaysia,MYS,11/30/23,72644203,28137282,27550482,17174689,11,2023
Malaysia,MYS,12/31/23,72647030,28137594,27550625,17177061,12,2023
Malaysia,MYS,1/31/24,72650502,28137905,27550774,17180073,1,2024
Malaysia,MYS,2/29/24,72652774,28138008,27550873,17182143,2,2024
Malaysia,MYS,3/31/24,72654235,28138098,27550961,17183426,3,2024
Malaysia,MYS,4/30/24,72655149,28138157,27551014,17184228,4,2024
Malaysia,MYS,5/31/24,72655831,28138216,27551051,17184814,5,2024
Malaysia,MYS,6/30/24,72656316,28138273,27551087,17185206,6,2024
Malaysia,MYS,7/31/24,72657119,28138546,27551127,17185696,7,2024
Malaysia,MYS,8/14/24,72657288,28138569,27551144,17185825,8,2024
Maldives,MDV,11/28/21,769583,395672,363580,10331,11,2021
Maldives,MDV,12/29/21,790154,396779,367450,25925,12,2021
Maldives,MDV,1/31/22,843409,397642,369883,75884,1,2022
Maldives,MDV,2/28/22,902028,398214,371091,132723,2,2022
Maldives,MDV,3/10/22,911964,398315,371410,142239,3,2022
Mongolia,MNG,12/29/21,5337594,2265951,2163528,908115,12,2021
Mongolia,MNG,1/31/22,5446952,2269737,2170575,1006640,1,2022
Mongolia,MNG,2/26/22,5467728,2271548,2172909,1023271,2,2022
Mongolia,MNG,3/26/22,5478362,2272327,2174398,1031637,3,2022
Mongolia,MNG,4/29/22,5488768,2272965,2175617,1040186,4,2022
Montenegro,MNE,12/31/21,634517,283884,272853,77780,12,2021
Montenegro,MNE,1/31/22,654000,286972,277718,89310,1,2022
Montenegro,MNE,2/28/22,663335,288551,280116,94668,2,2022
Montenegro,MNE,3/31/22,668536,289760,281667,97109,3,2022
Montenegro,MNE,4/30/22,671868,290610,282651,98607,4,2022
Montenegro,MNE,5/31/22,673785,291150,283273,99362,5,2022
Montenegro,MNE,6/30/22,675154,291544,283697,99913,6,2022
Montenegro,MNE,7/31/22,677121,292127,284243,100751,7,2022
Montenegro,MNE,8/20/22,678798,292661,284747,101390,8,2022
Morocco,MAR,2/14/23,55379860,25018493,23519859,6878994,2,2023
Nepal,NPL,2/28/22,37125732,21575023,17490473,1147229,2,2022
Nepal,NPL,3/31/22,40068218,22018430,19085632,2219859,3,2022
Nepal,NPL,4/30/22,41843057,22261575,19586196,3340769,4,2022
Nepal,NPL,5/30/22,42916756,22381118,19831322,4087310,5,2022
Nepal,NPL,6/28/22,46113867,22995709,20267818,6300646,6,2022
Nepal,NPL,7/4/22,46888075,23433211,20359274,6552610,7,2022
Nepal,NPL,11/16/22,59705970,27357469,23749154,8599347,11,2022
New Zealand,NZL,5/31/21,652108,422645,229459,4,5,2021
New Zealand,NZL,6/30/21,1175942,719423,456506,13,6,2021
New Zealand,NZL,7/31/21,1925027,1179598,745408,21,7,2021
New Zealand,NZL,8/31/21,3516237,2299386,1216778,73,8,2021
New Zealand,NZL,9/30/21,5228055,3296645,1931189,221,9,2021
New Zealand,NZL,10/31/21,6874513,3706233,3166677,1603,10,2021
New Zealand,NZL,11/30/21,7583212,3890589,3624114,68509,11,2021
New Zealand,NZL,12/31/21,8185416,3971242,3856157,358017,12,2021
New Zealand,NZL,1/31/22,9461043,4171145,3926215,1363683,1,2022
New Zealand,NZL,2/28/22,10629827,4259791,3963535,2406501,2,2022
New Zealand,NZL,3/31/22,10961200,4283469,4056317,2621414,3,2022
New Zealand,NZL,4/30/22,11045367,4287352,4093194,2664821,4,2022
New Zealand,NZL,5/31/22,11086729,4289789,4103062,2693878,5,2022
New Zealand,NZL,6/30/22,11143277,4292020,4113610,2737647,6,2022
New Zealand,NZL,7/31/22,11478946,4294704,4126082,3058160,7,2022
New Zealand,NZL,8/31/22,11691837,4296241,4130282,3265314,8,2022
New Zealand,NZL,9/30/22,11774730,4297194,4132693,3344843,9,2022
New Zealand,NZL,10/31/22,11840640,4298070,4134908,3407662,10,2022
New Zealand,NZL,11/30/22,11904464,4298896,4136744,3468824,11,2022
New Zealand,NZL,12/31/22,11956243,4299798,4138492,3517953,12,2022
New Zealand,NZL,1/31/23,11977008,4300592,4139844,3536572,1,2023
New Zealand,NZL,2/28/23,11985781,4301013,4140458,3544310,2,2023
New Zealand,NZL,3/31/23,11999526,4301475,4142606,3555445,3,2023
New Zealand,NZL,4/18/23,12204860,4301888,4291717,3611255,4,2023
North Macedonia,MKD,9/30/21,1513785,786979,726625,181,9,2021
North Macedonia,MKD,10/29/21,1605913,804151,774464,27298,10,2021
North Macedonia,MKD,11/4/21,1624729,807528,778482,38719,11,2021
Norway,NOR,3/31/21,1008758,708985,299767,6,3,2021
Norway,NOR,4/30/21,1799649,1409228,390395,26,4,2021
Norway,NOR,5/31/21,2717176,1672890,1044144,142,5,2021
Norway,NOR,6/30/21,4256720,2679854,1576581,285,6,2021
Norway,NOR,7/31/21,5458642,3620971,1836850,821,7,2021
Norway,NOR,8/31/21,7002116,3887036,3113552,1528,8,2021
Norway,NOR,9/30/21,7880342,4184958,3675173,20211,9,2021
Norway,NOR,10/31/21,8075230,4219314,3758487,97429,10,2021
Norway,NOR,11/30/21,8709176,4252299,3846110,610767,11,2021
Norway,NOR,12/31/21,9789464,4292402,3929338,1567724,12,2021
Norway,NOR,1/31/22,11038767,4320429,3998023,2720315,1,2022
Norway,NOR,2/28/22,11266569,4332112,4023927,2910530,2,2022
Norway,NOR,3/31/22,11313458,4335221,4031165,2947072,3,2022
Norway,NOR,4/30/22,11337246,4337341,4035134,2964771,4,2022
Norway,NOR,5/31/22,11373203,4340241,4041248,2991714,5,2022
Norway,NOR,6/30/22,11416160,4343109,4048614,3024437,6,2022
Norway,NOR,7/31/22,11512091,4344160,4050768,3117163,7,2022
Norway,NOR,8/31/22,11745233,4345111,4052182,3347940,8,2022
Norway,NOR,9/30/22,11988926,4346076,4053456,3589394,9,2022
Norway,NOR,10/29/22,12104872,4346690,4054295,3703887,10,2022
Norway,NOR,11/13/22,12145560,4346995,4054726,3743839,11,2022
Pakistan,PAK,2/14/22,203227145,120645745,93542689,3695298,2,2022
Pakistan,PAK,3/10/22,219368557,128074138,101881176,4869245,3,2022
Pakistan,PAK,4/30/22,246181059,134313917,121757972,7065777,4,2022
Pakistan,PAK,5/31/22,249380176,135092327,123207371,8206345,5,2022
Pakistan,PAK,6/30/22,270168135,137108516,126718132,24048052,6,2022
Pakistan,PAK,7/30/22,285218897,138206755,129271041,35743464,7,2022
Pakistan,PAK,8/31/22,292563934,139109870,131116836,40777384,8,2022
Pakistan,PAK,9/9/22,293921139,139226303,131356214,41805681,9,2022
Palestine,PSE,6/28/22,3734270,2008544,1772479,331383,6,2022
Panama,PAN,3/11/22,7737902,3386244,2966931,1384727,3,2022
Panama,PAN,7/8/22,8415997,3485515,3119290,1811192,7,2022
Paraguay,PRY,1/13/23,9524376,3981399,3537084,2005893,1,2023
Peru,PER,10/31/21,35609181,19437565,15925029,246587,10,2021
Peru,PER,11/30/21,43074538,22949182,19094808,1030548,11,2021
Peru,PER,12/31/21,51093638,24839324,22085966,4168348,12,2021
Peru,PER,1/31/22,57709763,26075441,23460925,8173397,1,2022
Peru,PER,2/28/22,63533848,27963009,24839388,10731451,2,2022
Peru,PER,3/31/22,68321375,28863308,26304500,13153567,3,2022
Peru,PER,4/30/22,72873558,29264026,27126750,16482782,4,2022
Peru,PER,5/31/22,75673298,29434508,27474470,18764320,5,2022
Peru,PER,6/30/22,78137716,29568294,27725887,20843535,6,2022
Peru,PER,7/31/22,81072009,29712496,27963170,23396343,7,2022
Peru,PER,8/31/22,83347440,29832651,28155115,25359674,8,2022
Peru,PER,9/30/22,84602711,29898787,28263954,26439970,9,2022
Peru,PER,10/31/22,85289483,30012276,28307009,26970198,10,2022
Peru,PER,11/30/22,86163352,30150274,28376204,27636874,11,2022
Peru,PER,12/31/22,86772984,30239409,28445741,28087834,12,2022
Peru,PER,1/31/23,87379680,30305540,28501529,28572611,1,2023
Peru,PER,2/28/23,88047272,30365875,28552739,29128658,2,2023
Peru,PER,3/31/23,88699023,30422526,28599678,29676819,3,2023
Peru,PER,4/30/23,89343849,30489504,28650667,30203678,4,2023
Peru,PER,5/31/23,89727426,30500992,28664606,30561828,5,2023
Peru,PER,6/30/23,89964777,30506980,28673288,30784509,6,2023
Peru,PER,7/31/23,90138359,30513605,28681251,30943503,7,2023
Peru,PER,8/31/23,90345138,30522098,28689911,31133129,8,2023
Peru,PER,9/30/23,90825835,30538442,28699429,31587964,9,2023
Peru,PER,10/31/23,91063170,30549003,28704226,31809941,10,2023
Peru,PER,11/30/23,91377142,30562253,28709120,32105769,11,2023
Peru,PER,12/10/23,91412580,30563708,28709644,32139228,12,2023
Poland,POL,10/29/21,39031279,20232132,19950503,1033542,10,2021
Poland,POL,11/29/21,41675389,20829997,20418316,2836221,11,2021
Poland,POL,12/31/21,46987401,21673668,21046400,6865164,12,2021
Poland,POL,1/31/22,51658515,22320403,21747458,10267126,1,2022
Poland,POL,2/27/22,53324129,22519535,22188817,11316193,2,2022
Poland,POL,3/31/22,53939224,22589179,22350472,11715397,3,2022
Poland,POL,4/30/22,54267954,22670819,22449245,11925570,4,2022
Poland,POL,5/31/22,54508366,22722506,22499435,12095942,5,2022
Poland,POL,6/30/22,54600779,22735503,22515872,12162210,6,2022
Poland,POL,7/31/22,54980799,22749710,22527654,12519738,7,2022
Poland,POL,8/31/22,56172915,22770061,22546367,13678622,8,2022
Poland,POL,9/30/22,56820258,22786886,22561865,14298599,9,2022
Poland,POL,10/31/22,57401382,22805660,22579609,14853841,10,2022
Poland,POL,11/30/22,57658933,22828015,22601290,15081537,11,2022
Poland,POL,12/31/22,57786691,22850777,22623876,15184383,12,2022
Poland,POL,1/31/23,57881543,22867577,22638638,15260020,1,2023
Poland,POL,2/28/23,57912594,22870409,22641944,15285870,2,2023
Poland,POL,3/31/23,57959248,22873656,22645223,15327746,3,2023
Poland,POL,4/30/23,57984417,22875326,22647368,15349917,4,2023
Poland,POL,5/31/23,58008597,22876069,22648019,15372864,5,2023
Poland,POL,6/30/23,58018433,22876365,22648286,15382236,6,2023
Poland,POL,7/29/23,58023364,22876872,22648847,15386533,7,2023
Poland,POL,8/31/23,58024971,22877041,22648989,15387845,8,2023
Poland,POL,9/29/23,58027565,22877227,22649128,15390127,9,2023
Poland,POL,10/31/23,58030729,22877389,22649291,15392977,10,2023
Poland,POL,11/9/23,58032142,22877468,22649355,15394278,11,2023
Qatar,QAT,6/1/22,6890950,2632575,2632575,1625800,6,2022
Russia,RUS,9/30/21,90298423,48079685,42218738,725352,9,2021
Russia,RUS,10/31/21,104464268,55463950,47601622,1730473,10,2021
Russia,RUS,11/30/21,126818133,66738623,56681192,4422166,11,2021
Russia,RUS,12/29/21,146163749,73727458,66680739,7333620,12,2021
Russia,RUS,1/31/22,154374065,76585311,69815128,10107949,1,2022
Russia,RUS,2/16/22,159211213,78200456,71431686,11716875,2,2022
Russia,RUS,3/28/22,163513489,79920509,72808825,12923000,3,2022
Russia,RUS,4/30/22,166388061,80862100,73576259,14188439,4,2022
Russia,RUS,5/29/22,166830060,81031567,73682537,14354693,5,2022
Russia,RUS,6/22/22,168248674,81580140,74311072,14596199,6,2022
Russia,RUS,7/27/22,170307823,82246152,75041866,15258542,7,2022
Russia,RUS,8/31/22,174883953,83876503,76357386,16888858,8,2022
Russia,RUS,9/30/22,178107276,85094650,76879530,18371890,9,2022
Russia,RUS,10/13/22,179202586,85406305,77321901,18713174,10,2022
Russia,RUS,12/4/22,182741127,87295405,78192902,19491614,12,2022
Saint Lucia,LCA,7/8/22,121663,59661,54366,7636,7,2022
Saint Vincent and the Grenadines,VCT,2/24/22,67378,35207,29118,3053,2,2022
Saint Vincent and the Grenadines,VCT,3/24/22,69602,36033,30123,3446,3,2022
Saint Vincent and the Grenadines,VCT,4/7/22,69849,36127,30221,3501,4,2022
Saudi Arabia,SAU,11/30/21,47444801,24619259,22467509,358049,11,2021
Saudi Arabia,SAU,12/31/21,50894142,25017090,23180879,2696173,12,2021
Saudi Arabia,SAU,1/29/22,56707289,25517272,23656978,7533039,1,2022
Saudi Arabia,SAU,2/28/22,60953969,25960748,24199236,10793985,2,2022
Serbia,SRB,8/30/21,5882966,2923123,2804423,155420,8,2021
Serbia,SRB,9/30/21,6497670,3040293,2901882,555495,9,2021
Serbia,SRB,10/30/21,7104240,3153364,3002829,948047,10,2021
Serbia,SRB,11/30/21,7899611,3263835,3123638,1512129,11,2021
Serbia,SRB,12/9/21,8046012,3284917,3157418,1603661,12,2021
Serbia,SRB,1/31/22,8402695,3334002,3245307,1823386,1,2022
Serbia,SRB,2/24/22,8466632,3343225,3261760,1861647,2,2022
Serbia,SRB,3/22/22,8494958,3347209,3269374,1878375,3,2022
Serbia,SRB,5/26/22,8529217,3352714,3276619,1899884,5,2022
Serbia,SRB,6/2/22,8530748,3353072,3277059,1900617,6,2022
Singapore,SGP,9/30/21,9443754,4701443,4453064,243017,9,2021
Singapore,SGP,10/31/21,10250661,4775979,4565261,861469,10,2021
Singapore,SGP,11/30/21,10952522,4819175,4638039,1446497,11,2021
Singapore,SGP,12/31/21,11795254,4859718,4684521,2201705,12,2021
Singapore,SGP,1/31/22,13006440,5032131,4760772,3163279,1,2022
Singapore,SGP,2/28/22,13723906,5088356,4906263,3677884,2,2022
Singapore,SGP,3/31/22,14051423,5106544,4983046,3909356,3,2022
Singapore,SGP,4/30/22,14255908,5114832,5025061,4062481,4,2022
Singapore,SGP,5/31/22,14440562,5120411,5058703,4207048,5,2022
Singapore,SGP,6/30/22,14543219,5125650,5074890,4287524,6,2022
Singapore,SGP,7/31/22,14605033,5129507,5079904,4340053,7,2022
Singapore,SGP,8/31/22,14656154,5132485,5085102,4382847,8,2022
Singapore,SGP,9/30/22,14695667,5135008,5090265,4414621,9,2022
Singapore,SGP,10/25/22,14727569,5137637,5093804,4440289,10,2022
Slovenia,SVN,7/31/21,1701324,944279,838326,76,7,2021
Slovenia,SVN,8/31/21,1853253,1023511,930642,224,8,2021
Slovenia,SVN,9/30/21,2082047,1165681,1033986,22371,9,2021
Slovenia,SVN,10/31/21,2213583,1188881,1116448,49332,10,2021
Slovenia,SVN,11/30/21,2534369,1231850,1148021,297197,11,2021
Slovenia,SVN,12/31/21,2761948,1250439,1188990,467389,12,2021
Slovenia,SVN,1/31/22,2915311,1261016,1209801,590989,1,2022
Slovenia,SVN,2/28/22,2962788,1263808,1218037,628257,2,2022
Slovenia,SVN,3/31/22,2978361,1264639,1220050,641371,3,2022
Slovenia,SVN,4/30/22,2988402,1265131,1221095,650596,4,2022
Slovenia,SVN,5/31/22,2993530,1265548,1221722,655291,5,2022
Slovenia,SVN,6/30/22,2996395,1265789,1222187,657759,6,2022
Slovenia,SVN,7/5/22,2996643,1265802,1222225,657967,7,2022
South Africa,ZAF,1/31/22,29884699,19611652,16625575,594479,1,2022
South Africa,ZAF,2/23/22,31217929,20249900,17162477,966165,2,2022
South Africa,ZAF,3/31/22,33656772,20934382,17898249,2199299,3,2022
South Africa,ZAF,4/30/22,34864969,21298735,18339920,2727831,4,2022
South Africa,ZAF,5/31/22,36063285,21742087,18767585,3184611,5,2022
South Africa,ZAF,6/30/22,36823695,22028992,19058285,3460795,6,2022
South Africa,ZAF,7/30/22,37192985,22154824,19206569,3606263,7,2022
South Africa,ZAF,8/31/22,37456345,22256881,19320571,3683589,8,2022
South Africa,ZAF,9/30/22,37641904,22330558,19401052,3738814,9,2022
South Africa,ZAF,10/30/22,37796701,22394195,19466838,3789338,10,2022
South Africa,ZAF,11/30/22,37967080,22466615,19537503,3843724,11,2022
South Africa,ZAF,12/25/22,38050611,23970891,21038797,3877516,12,2022
South Korea,KOR,2/28/21,53465,41948,11723,2,2,2021
South Korea,KOR,3/31/21,953407,884446,41180,3,3,2021
South Korea,KOR,4/30/21,3707969,3293045,285959,6,4,2021
South Korea,KOR,5/31/21,8157320,5731333,2185321,15,5,2021
South Korea,KOR,6/30/21,19528530,15212009,5021096,50,6,2021
South Korea,KOR,7/31/21,25812578,19360593,7126005,174,7,2021
South Korea,KOR,8/31/21,44243068,29186953,15714263,1161,8,2021
South Korea,KOR,9/30/21,64012569,39209778,25627350,3139,9,2021
South Korea,KOR,10/31/21,78788341,40969846,38552271,94124,10,2021
South Korea,KOR,11/30/21,85680781,42357426,40890662,3256073,11,2021
South Korea,KOR,12/31/21,103955630,43958869,42319015,18487659,12,2021
South Korea,KOR,1/31/22,114604100,44365083,43732899,27305254,1,2022
South Korea,KOR,2/28/22,119359992,44540227,44061824,31553046,2,2022
South Korea,KOR,3/31/22,121046205,44621322,44166813,33050614,3,2022
South Korea,KOR,4/30/22,123381965,44689509,44217517,35266509,4,2022
South Korea,KOR,5/31/22,125600563,44708008,44252538,37430976,5,2022
South Korea,KOR,6/30/22,126028997,44717442,44289442,37812856,6,2022
South Korea,KOR,7/31/22,127318099,44730130,44306720,39071721,7,2022
South Korea,KOR,8/31/22,129020102,44744002,44318203,40748188,8,2022
South Korea,KOR,9/30/22,129350823,44750791,44328592,41061788,9,2022
South Korea,KOR,10/31/22,129509774,44756023,44337974,41206212,10,2022
South Korea,KOR,11/30/22,129625158,44762381,44344762,41308499,11,2022
South Korea,KOR,12/12/22,129647782,44764957,44347430,41325954,12,2022
Spain,ESP,10/28/21,71943760,38036436,37315511,962373,10,2021
Spain,ESP,11/30/21,76680144,38356928,37624032,5109834,11,2021
Spain,ESP,12/16/21,82518671,38607797,37777929,10507992,12,2021
Spain,ESP,1/31/22,90272896,40918884,38295449,21664977,1,2022
Spain,ESP,2/24/22,92491318,41059268,38973675,24031054,2,2022
Sri Lanka,LKA,12/31/21,33841264,15991500,13843044,4006720,12,2021
Sri Lanka,LKA,1/31/22,35764626,16647015,13917564,5200047,1,2022
Sri Lanka,LKA,2/25/22,38059562,16890323,14155661,7013578,2,2022
Sri Lanka,LKA,3/22/22,39102567,16995787,14387077,7719703,3,2022
Suriname,SUR,2/13/22,499912,265523,234389,43400,2,2022
Suriname,SUR,3/19/22,503936,267084,236852,47265,3,2022
Syria,SYR,6/28/22,4232490,2748571,1831005,28686,6,2022
Syria,SYR,8/23/22,4583601,2940095,2023735,48647,8,2022
Taiwan,TWN,12/31/21,34872136,18712858,16159278,158706,12,2021
Taiwan,TWN,1/28/22,41984449,19091332,17443080,5450037,1,2022
Taiwan,TWN,2/25/22,46814037,19330531,17908348,9575158,2,2022
Taiwan,TWN,3/31/22,49607595,19456216,18273476,11877903,3,2022
Taiwan,TWN,4/29/22,52430493,19737798,18634418,14058277,4,2022
Taiwan,TWN,5/31/22,55072565,20608998,19006359,15457208,5,2022
Taiwan,TWN,6/30/22,57970591,21178300,19423800,17368491,6,2022
Taiwan,TWN,7/29/22,59600890,21305125,19907129,18388636,7,2022
Taiwan,TWN,8/31/22,60757657,21522622,20108035,19127000,8,2022
Taiwan,TWN,9/30/22,61787492,21721462,20345491,19720539,9,2022
Taiwan,TWN,10/28/22,63106901,21773105,20472592,20861204,10,2022
Taiwan,TWN,11/30/22,63848597,21806429,20556008,21486160,11,2022
Taiwan,TWN,12/29/22,64721772,21829864,20627469,22264439,12,2022
Taiwan,TWN,2/23/23,66993502,21866812,20727293,24399397,2,2023
Taiwan,TWN,3/24/23,67577192,21877888,20756187,24943117,3,2023
Taiwan,TWN,4/27/23,67913330,21885289,20772207,25255834,4,2023
Thailand,THA,8/30/21,31771819,23401465,7780973,589381,8,2021
Thailand,THA,9/22/21,46023016,29501110,15899158,622748,9,2021
Thailand,THA,10/31/21,75389558,42247135,30743399,2399024,10,2021
Thailand,THA,11/29/21,92360417,47963180,41053644,3343593,11,2021
Thailand,THA,12/31/21,105160269,51410504,46319204,7430561,12,2021
Thailand,THA,1/31/22,116749385,52383190,48710749,15655446,1,2022
Thailand,THA,2/28/22,123840373,53615130,49685222,20540021,2,2022
Thailand,THA,3/31/22,129548423,55532928,50221968,23793527,3,2022
Thailand,THA,4/30/22,133262106,56124032,51207525,25930549,4,2022
Thailand,THA,5/31/22,137076747,56523875,52497704,28055168,5,2022
Thailand,THA,6/30/22,138987149,56712815,52898476,29375858,6,2022
Thailand,THA,7/31/22,140835370,56843259,53181052,30811059,7,2022
Thailand,THA,8/31/22,142028850,56946090,53379439,31703321,8,2022
Thailand,THA,9/30/22,142635014,57005497,53486086,32143431,9,2022
Trinidad and Tobago,TTO,11/30/21,1313024,688409,643682,24207,11,2021
Trinidad and Tobago,TTO,12/31/21,1408384,712256,668717,76184,12,2021
Trinidad and Tobago,TTO,1/30/22,1480585,733378,690137,110316,1,2022
Trinidad and Tobago,TTO,2/27/22,1524592,741408,702837,135494,2,2022
Trinidad and Tobago,TTO,3/30/22,1544257,746182,708940,145568,3,2022
Trinidad and Tobago,TTO,4/30/22,1552758,747508,711305,150732,4,2022
Trinidad and Tobago,TTO,5/28/22,1562696,749238,712503,158059,5,2022
Trinidad and Tobago,TTO,6/30/22,1573535,751247,714047,165709,6,2022
Trinidad and Tobago,TTO,7/31/22,1577355,752271,715515,167342,7,2022
Trinidad and Tobago,TTO,8/31/22,1579700,753078,716407,168246,8,2022
Trinidad and Tobago,TTO,9/21/22,1580898,753588,716898,168619,9,2022
Tunisia,TUN,10/30/21,9253797,5596309,4516636,71510,10,2021
Tunisia,TUN,11/30/21,10560342,6112326,5156641,425004,11,2021
Tunisia,TUN,12/31/21,12156566,6889208,5921997,856236,12,2021
Tunisia,TUN,1/31/22,12757250,7100854,6234262,1033173,1,2022
Tunisia,TUN,2/28/22,12993306,7160078,6331265,1141682,2,2022
Tunisia,TUN,3/10/22,13018888,7167040,6339503,1155398,3,2022
Tunisia,TUN,1/17/23,13242623,7217476,6398555,1255023,1,2023
Turkey,TUR,6/30/21,50608142,35091645,15217656,298841,6,2021
Turkey,TUR,7/31/21,73272667,41012715,27355633,4904319,7,2021
Turkey,TUR,8/31/21,94167554,48271065,37089601,8806888,8,2021
Turkey,TUR,9/28/21,108734111,53658331,44059772,11016008,9,2021
Turkey,TUR,10/31/21,116280951,55392343,48655853,12232755,10,2021
Turkey,TUR,11/30/21,120390651,56261687,50458355,13670609,11,2021
Turkey,TUR,12/31/21,131646005,56914268,51604894,23126843,12,2021
Turkey,TUR,1/31/22,141981790,57422636,52399906,32159248,1,2022
Turkey,TUR,2/28/22,145631632,57682903,52809698,35139031,2,2022
Turkey,TUR,3/31/22,146995383,57781315,52977660,36236408,3,2022
Turkey,TUR,4/30/22,147498664,57818874,53034655,36645135,4,2022
Turkey,TUR,5/31/22,147734958,57843685,53067556,36823717,5,2022
Turkey,TUR,6/30/22,147828801,57858728,53088281,36881792,6,2022
Turkey,TUR,7/31/22,150530369,57885216,53115583,39529570,7,2022
Turkey,TUR,8/31/22,152010807,57914125,53145838,40950844,8,2022
Turkey,TUR,9/30/22,152315295,57928376,53162154,41224765,9,2022
Turkey,TUR,10/29/22,152465212,57936171,53171054,41357987,10,2022
Turkey,TUR,11/1/22,152475057,57936783,53171790,41366484,11,2022
Ukraine,UKR,12/31/21,28457565,14713309,13755421,9515,12,2021
Ukraine,UKR,1/31/22,30366236,15347951,14665692,373273,1,2022
Ukraine,UKR,2/20/22,31497378,15680361,15142679,695018,2,2022
United Arab Emirates,ARE,7/20/21,16444844,7684876,6765065,1994903,7,2021
United Arab Emirates,ARE,9/30/21,20052399,9296797,8248434,2507168,9,2021
United Arab Emirates,ARE,10/30/21,21075235,9652930,8654010,2768295,10,2021
United Arab Emirates,ARE,11/25/21,21757061,9881456,8914179,2961426,11,2021
United Kingdom,GBR,9/30/21,94633524,48863490,44901832,868202,9,2021
United Kingdom,GBR,10/31/21,103814905,49987325,45712351,8115229,10,2021
United Kingdom,GBR,11/30/21,116001687,50994257,46399306,18608124,11,2021
United Kingdom,GBR,12/31/21,133312817,51786768,47434251,34091798,12,2021
United Kingdom,GBR,1/31/22,138143343,52360487,48440773,37342083,1,2022
United Kingdom,GBR,2/28/22,139884311,52634448,49014524,38235339,2,2022
United Kingdom,GBR,3/31/22,142226665,52803478,49440582,38824622,3,2022
United Kingdom,GBR,4/30/22,146177909,53230188,49756334,39293425,4,2022
United Kingdom,GBR,5/31/22,148549749,53486907,50003659,39750799,5,2022
United Kingdom,GBR,6/30/22,149760288,53614409,50189173,40000552,6,2022
United Kingdom,GBR,7/31/22,150693815,53723887,50526813,40219929,7,2022
United Kingdom,GBR,8/31/22,151206358,53800393,50727968,40361776,8,2022
United Kingdom,GBR,9/4/22,151248820,53806963,50745901,40373987,9,2022
United States,USA,2/28/21,88232689,56236747,30163870,11,2,2021
United States,USA,3/31/21,172494725,108836606,64852669,44,3,2021
United States,USA,4/30/21,263209607,153123692,115074274,137,4,2021
United States,USA,5/31/21,313997712,173638666,147117126,234,5,2021
United States,USA,6/30/21,339517243,183541437,163820348,316,6,2021
United States,USA,7/31/21,356038132,193250303,171307489,408,7,2021
United States,USA,8/31/21,380429513,206865219,181157998,1631373,8,2021
United States,USA,9/30/21,403204153,215414801,191115499,6373019,9,2021
United States,USA,10/31/21,432682634,222040977,197453679,23237588,10,2021
United States,USA,11/30/21,475161508,233810596,202533633,49162080,11,2021
United States,USA,12/31/21,521797692,244104717,210360591,77816104,12,2021
United States,USA,1/31/22,550509505,251400429,215215443,94321163,1,2022
United States,USA,2/28/22,561731241,254178133,218330536,99544630,2,2022
United States,USA,3/31/22,568312182,255767644,219898973,102856397,3,2022
United States,USA,4/30/22,581969320,257354554,221433810,113047649,4,2022
United States,USA,5/31/22,592549109,258666941,222623670,120684539,5,2022
United States,USA,6/30/22,600209859,260045532,223512235,125699267,6,2022
United States,USA,7/31/22,607987438,261697671,224439379,130324217,7,2022
United States,USA,8/31/22,613288488,262965429,225287976,133030484,8,2022
United States,USA,9/1/22,613387308,262996533,225309064,133062763,9,2022
Uruguay,URY,3/31/21,689623,637003,52620,24,3,2021
Uruguay,URY,4/30/21,1878719,1185903,692816,105,4,2021
Uruguay,URY,5/31/21,2854187,1818702,1035485,293,5,2021
Uruguay,URY,6/30/21,3961949,2279228,1682721,631,6,2021
Uruguay,URY,7/31/21,4828488,2581406,2247082,2304,7,2021
Uruguay,URY,8/31/21,5624575,2649272,2528176,447127,8,2021
Uruguay,URY,9/30/21,6305630,2705002,2591838,1008790,9,2021
Uruguay,URY,10/31/21,6670019,2731101,2643075,1295843,10,2021
Uruguay,URY,11/30/21,6817037,2750591,2668216,1398230,11,2021
Uruguay,URY,12/31/21,6988225,2764656,2684624,1538945,12,2021
Uruguay,URY,1/31/22,7451006,2898129,2701156,1851721,1,2022
Uruguay,URY,2/28/22,7653372,2962399,2743906,1947067,2,2022
Uruguay,URY,3/31/22,8066947,2981943,2852777,2232227,3,2022
Uruguay,URY,4/30/22,8192571,2990988,2870176,2331407,4,2022
Uruguay,URY,5/31/22,8428718,2998490,2882323,2547905,5,2022
Uruguay,URY,6/30/22,8701743,3004265,2894100,2803378,6,2022
Uruguay,URY,7/31/22,8735643,3005811,2896419,2833413,7,2022
Uruguay,URY,8/31/22,8752299,3007479,2898622,2846198,8,2022
Uruguay,URY,9/30/22,8763329,3008609,2900307,2854413,9,2022
Uruguay,URY,10/29/22,8768459,3009070,2900951,2858438,10,2022
Uruguay,URY,11/30/22,8773011,3009637,2901476,2861898,11,2022
Uruguay,URY,12/17/22,8778311,3010099,2901884,2866328,12,2022
Uruguay,URY,10/31/23,9036063,3010433,2903072,3122558,10,2023
Uruguay,URY,11/11/23,9036269,3010449,2903089,3122731,11,2023
Vietnam,VNM,2/28/22,194970502,79373871,77052498,38544133,2,2022
Vietnam,VNM,3/29/22,205882049,80034041,77907529,47940479,3,2022
Vietnam,VNM,4/30/22,214939202,81888081,78618038,54433083,4,2022
Vietnam,VNM,5/18/22,218140778,83444583,78699867,55996328,5,2022
Zimbabwe,ZWE,12/29/21,7238939,4112517,3121776,4646,12,2021
Zimbabwe,ZWE,1/31/22,7632514,4270759,3299624,62131,1,2022
Zimbabwe,ZWE,2/28/22,7890951,4362150,3396655,132146,2,2022
Zimbabwe,ZWE,3/31/22,9208822,5297081,3532708,379033,3,2022
Zimbabwe,ZWE,4/30/22,10153861,5866832,3672516,614513,4,2022
Zimbabwe,ZWE,5/31/22,11611952,6249146,4522237,840569,5,2022
Zimbabwe,ZWE,6/29/22,11798771,6299348,4605821,893602,6,2022
Zimbabwe,ZWE,7/31/22,12022698,6376117,4692440,954141,7,2022
Zimbabwe,ZWE,8/25/22,12133385,6407937,4722200,1003248,8,2022
Zimbabwe,ZWE,9/27/22,12201937,6431444,4744523,1025970,9,2022
Zimbabwe,ZWE,10/3/22,12216848,6435970,4748940,1031938,10,2022